Sentence #;Word;POS;Tag
0;Sanaa;NN;B-NAME
;MADIHI;NN;I-NAME
1;Hay;NN;O
;—Essalama;NN;O
;N°1;NN;O
3;Casablanca;NN;B-LOCATION
;MAROC;NN;O
4;Gsm;NN;O
;662;CD;B-PHONE
;637;CD;I-PHONE
;967;CD;I-PHONE
5;E-mail;NN;O
;sanaaelmadihi;NN;B-MAIL
;gmail.com;NN;I-MAIL
6;MASTER;NN;O
;MANAGEMENT;NN;O
;FINANCIER;NN;O
7;EXPERIENCES;NNS;B-EXPERIENCE
;PROFESSIONNELLES;NNS;I-EXPERIENCE
8;Mars;NNS;B-DATE
;2008;CD;I-DATE
;jour;NN;O
9;Contrôle;NN;O
;Gestion;NN;O
;Audit;NN;O
;sein;NN;O
;groupe;NN;O
;MEDIDIS;NN;O
;MFIN;NN;O
10;MARDIS;NN;O
;BFDIS;NN;O
;enseignes;NNS;O
;YATOUT;NN;O
;YADECO;NN;O
;ISTIKBAL;NN;O
11;Elaboration;NN;O
;tableaux;NN;O
;bord;NN;O
;reporting;NN;O
12;Réalisation;NN;O
;inventaires;NNS;O
;analyse;NN;O
;écarts;NNS;O
;stocks;NNS;O
13;Etablissement;NN;O
;mise;NN;O
;place;NN;O
;procédures;NNS;O
14;Audit;NN;O
15;Chef;NN;O
;projet;NN;O
;cing;VBG;O
;études;NNS;O
;ISO;NN;O
;Diagnostic;JJ;O
;Logistique;NN;O
;Finance;NN;O
16;cadre;NN;O
;Fond;NN;O
;RAWAJ;NN;O
;société;NN;O
;MARDIS;NN;O
17;Gestion;NN;O
;formations;NNS;B-FORMATION
;professionnelles;NNS;I-FORMATION
;collaboration;NN;O
;OFPPT;NN;O
18;Avril;NN;B-DATE
;2006;CD;I-DATE
;février;NN;I-DATE
;2008;CD;I-DATE
;Chef;NN;O
;comptable;JJ;O
;responsable;JJ;O
;trésorerie;NN;O
;Sté;NN;O
;TRANSIT;NN;O
19;CHEMS;NN;O
;Déclarations;NNS;O
;TVA;NN;O
;CNSS;NN;O
;Recouvrement;NN;O
;gestion;NN;O
20;trésorerie;NN;O
;suivi;NN;O
;opérations;NNS;O
;import;NN;O
;export;NN;O
21;Octobre;NN;B-DATE
;2005;CD;I-DATE
;Mars;NNS;I-DATE
;2006;CD;I-DATE
;Sté;NN;O
;TRANSIT;NN;O
;CHEMS;NN;O
;stage;NN;O
;service;NN;O
;comptabilité;NN;O
22;Juin;NN;B-DATE
;2004;CD;I-DATE
;juillet;NN;I-DATE
;2004;CD;I-DATE
23;Stage;NN;O
;Fiduciaire;NN;O
;Comptable;JJ;O
;FIDINCO;NN;O
;service;NN;O
24;comptabilité;NN;O
;générale;NN;O
25;FORMATION;NN;B-FORMATION
26;2009;CD;B-DATE
;2010;CD;I-DATE
27;Master;NN;O
;Bac+4;NN;O
;option;NN;O
;Management;NN;O
;Financier;NN;O
;IHEES;NN;O
;Institut;NNP;O
;Hautes;NNS;O
28;Etudes;NNS;O
;Economiques;NNS;O
;Sociales;NNS;O
29;2003;CD;B-DATE
;2005;CD;I-DATE
30;Diplôme;NN;O
;Technicien;NN;O
;Spécialisé;NN;O
;Finance;NN;O
;Comptabilité;NN;O
31;H.E.Pro;NN;O
32;Ecole;NN;O
;Hautes;NNS;O
;Etudes;NNS;B-FORMATION
;Professionnelles;NNS;I-FORMATION
33;2001;CD;B-DATE
;2002;CD;I-DATE
34;Faculté;NN;O
;Sciences;NNS;O
;juridiques;NNS;O
;Economiques;NNS;O
;Sociales;NNS;O
;Casablanca;NN;B-LOCATION
35;Baccalauréat;NN;O
;Science;NN;O
;Expérimentales;NNS;O
36;COMPETENCES;NNS;B-EXPERIENCE
;PROFESSIONNELLES;NNS;I-EXPERIENCE
37;Suivi;NN;O
;implantation;NN;O
;construction;NN;O
;nouveaux;NN;O
;points;NNS;O
;ventes;NNS;O
38;Gestion;NN;O
;Relations;NNS;O
;tiers;NNS;O
;Banque;NN;O
;Cabinets;NNS;O
;Expertises;NNS;O
;clients;NNS;O
;fournisseurs;NNS;O
39;Techniques;NNS;O
;banques;NNS;O
;connaissance;NN;O
;techniques;NNS;O
;bourse;NN;O
;Suivi;NN;O
;opérations;NNS;O
40;Bancaires;NNS;O
;Suivi;NN;O
;Comptabilité;NN;O
41;Comptabilité;NN;O
;Générale;NN;O
;Analytique;NN;O
;Approfondie;NNP;O
42;Fiscalité;NN;O
;entreprises;NNS;O
43;Recouvrement;NN;O
;relations;NNS;O
;Clients;NNS;O
;Fournisseurs;NNS;O
44;Gestion;NN;O
;Ressources;NNS;O
;Humaines;NNS;O
;gestion;NN;O
;personnel;NNS;O
;magasin;NN;O
;gestion;NN;O
;conflits;NNS;O
46;Communication;NN;O
;interne;NN;O
;externe;NN;O
47;COMPETENCES;NNS;B-EXPERIENCE
;INFORMATIQUES;NN;O
48;Logiciels;NNS;O
;gestion;NN;O
;CEGID;NN;O
;Sage;NN;O
;Gestion;NN;O
;Commerciale;NN;O
;100;CD;O
;CEGID;NN;O
;Ciel;NN;O
49;Bureautique;NN;O
;Word;NN;O
;Excel;NN;O
;Access;NN;O
;PowerPoint;NN;O
50;LANGUES;NN;B-LANGUES
51;Arabe;NN;O
;Français;NN;O
;Anglais;NN;O
52;CENTRES;NN;B-LOISIR
;INTERETS;NN;I-LOISIR
53;Voyages;NNS;O
;organisé;NN;O
54;Safa;NN;B-NAME
;OUAHNICH;NN;I-NAME
55;Master;NN;O
;Stratégie;NN;O
;Management;NN;O
56;Age;NN;O
;23ans;NNS;O
57;Tel;NN;O
;661740064;CD;B-PHONE
58;Opérations;NNS;O
;Hôtelières;NNS;O
59;E-mail;NN;O
;safa.ouahnich;NN;B-MAIL
;gmail.com;NN;I-MAIL
60;Master;NN;O
;Stratégie;NN;O
;Management;NN;O
;Opérations;NNS;O
;Hôtelières;NNS;O
61;Tanger;NN;B-LOCATION
;Maroc;NN;O
62;Institut;NNP;O
;Supérieur;NN;O
;International;NNP;O
;Tourisme;NN;O
;Tanger;NN;B-LOCATION
63;Diplôme;NN;B-FORMATION
;cycle;NN;O
;Management;NN;O
;Opérationnel;NN;O
;Hotellerie;NN;O
64;Tanger;NN;B-LOCATION
;Maroc;NN;O
65;Institut;NNP;O
;Supérieur;NN;O
;International;NNP;O
;Tourisme;NN;O
;Tanger;NN;B-LOCATION
66;Baccalauréat;NN;O
;sciences;NNS;O
;économiques;NNS;O
67;Hajeb-Maroc;NN;B-LOCATION
68;Lycée;NN;O
;Rihab;NN;B-NAME
;Amana;NNP;I-NAME
69;Langues;NNS;B-LANGUES
70;Maternelle;NNP;O
71;Francais;NN;O
;parle;NN;O
;écrit;NN;O
72;Anglais;NN;O
;parle;NN;O
;écrit;NN;O
73;Espagnol;NN;O
;Notions;NNS;O
;bases;NNS;O
74;Logiciels;NNS;O
;maitrisés;NN;O
;Word;NN;O
;Excel;NN;O
;PowerPoint;NN;O
;frontrest;NN;O
;logiciel;NN;O
;traitement;NN;O
;données;NN;O
75;SPSS;NN;O
;OpenErp;NN;O
76;EXPERIENCES;NNS;B-EXPERIENCE
;PROFESSIONNELLES;NNS;I-EXPERIENCE
77;Oct.;NNP;B-DATE
;2015-a;JJ;I-DATE
;jour;NN;I-DATE
;AMAZON;NN;O
78;Rabat;NN;O
;Maroc;NN;O
79;Customer;NN;O
;Service;NNP;O
;Associate;NN;O
;chargée;NN;O
;relation;NN;O
;client;NN;O
80;Missions;NNS;O
;taches;NNS;O
;réalisées;NN;O
;commandes;NNS;O
;réclamations;NNS;O
83;-Fidélisation;NN;O
;clients;NNS;O
84;Oct.2014—;NN;B-DATE
;Fév;NN;I-DATE
;2015;CD;I-DATE
;Marocaine;NN;O
;Travaux;NN;O
;Développement;NN;O
;Ingénierie;NN;O
85;Aménagement;NN;O
;terrains;NNS;O
;agricols;NNS;O
86;Meknes;NNS;B-LOCATION
;Maroc;NN;O
87;Stagiaire;NN;O
;département;NN;O
;Marketing;NN;O
;communication;NN;O
88;Missions;NNS;O
;taches;NNS;O
;réalisées;NN;O
89;Contribution;NN;O
;élaboration;NN;O
;stratégie;NN;O
;marketing;NN;O
90;Assurer;NN;O
;veille;NN;O
;concurrentielle;NN;O
;résultats;NNS;O
;ventes;NNS;O
92;Août-;JJ;B-DATE
;Sep.;NN;I-DATE
;2014;CD;I-DATE
93;Haut;NN;O
;Commissariat;NN;O
;Plan;NN;O
94;Hajeb;NN;B-LOCATION
;Maroc;NN;O
95;Enquétrice;NN;O
;terrain;NN;O
96;Missions;NNS;O
;taches;NNS;O
;réalisées;NN;O
97;Identification;NN;O
;etude;NN;O
;terrain;NN;O
98;#NOM?;NN;O
;contact;NN;O
;familles;NNS;O
99;Effectuer;NN;O
;recensement;NN;O
;logements;NNS;O
;population;NN;O
100;Adresse;NN;O
;rue;NN;O
;abdelkrim;NN;O
;diouri;NN;O
101;Abderahman;NN;B-NAME
;LAMRANI;NN;I-NAME
102;Avenue;NN;O
;Madagscar;NN;O
;Apt;NN;O
;Rabat;NN;B-LOCATION
103;Tel;NN;O
;06.53.03.07.67;CD;B-PHONE
104;Mail;NN;O
;abderahman.seg;NN;B-MAIL
;gmail.com;NN;I-MAIL
105;Fraichement;NN;O
;diplômé;NN;O
;opportunité;NN;O
;effleurer;NN;O
106;Web;NN;O
107;plusieurs;NNS;O
;facettes;NNS;O
;Commerce;NNP;O
;international;JJ;O
;durant;NN;O
108;https;NN;O
109;parcours;NNS;B-FORMATION
;scolaire;NN;I-FORMATION
;professionnel;NN;I-FORMATION
;offert;NN;O
110;perspective;NN;O
;évolution;NN;O
;riche;NN;O
;variée;NN;O
;Aujourd;NN;B-DATE
;hui;NN;I-DATE
111;jai;NN;O
;l'honneur;NN;O
;soumettre;NN;O
;candidature;NN;O
112;PERMIS;NN;O
113;éventuel;NN;O
;poste;NN;O
;chez;NN;O
;entreprise;NN;O
114;EXPERIENCE;NN;B-EXPERIENCE
;PROFESSIONNELLE;NN;I-EXPERIENCE
115;PALM;NN;O
;TRANSIT;NN;O
116;*STAGE;NN;O
;FONCTIONNEL-TANGER;NN;O
117;*Traitement;NN;O
;dossiers;NNS;O
;exports/Imports;NNS;O
;clients;NNS;O
118;*Déclaration;NN;O
;douane;NN;O
;saisie;NN;O
;fiches;NNS;O
;décharges;NNS;O
;marchandises;NNS;O
;systéme;NN;O
119;BADR;NN;O
120;Envoi;NN;O
;documents;NNS;O
;nécessaires;NNS;O
;import;NN;O
;export;NN;O
;marchandises;NNS;O
;clients;NNS;O
;avis;NN;O
121;arrivée;NN;O
;marchandises;NNS;O
;certificat;NN;O
;circulation;NN;O
;marchandises;NNS;O
;autre;NN;O
122;territoire;NN;O
;manifeste;NN;O
;transport;NN;O
123;OCP;NN;O
124;*STAGE;NN;O
;FIN;NN;O
;ETUDES-CASABLANCA;NN;O
125;Mois-2018;NN;B-DATE
126;*Examination;NN;O
;opérations;NNS;O
;gestion;NN;O
;contrats;NNS;O
;vente;NN;O
;conclus;NN;O
;clients;NNS;O
;vietnamien;NN;O
127;*Enregistrer;NN;O
;toutes;NNS;O
;commandes;NNS;O
;passées;NN;O
;produits;NNS;O
;commercialisés;NN;O
;systeme;NN;O
;Oracle;NN;O
128;assurer;NN;O
;disponibilités;NN;O
;produits;NNS;O
;commandés;NN;O
;clients;NNS;O
129;préparation;NN;O
;plannings;NNS;O
;livraison;NN;O
130;envoi;NN;O
;documentation;NN;O
;commerciale;NN;O
;provisoire;NN;O
;drafts;NNS;O
;Pro;NNS;O
;Forma;NN;O
;COA;NN;O
131;*Envoi;NN;O
;facture;NN;O
;commerciale;NN;O
;définitive;NN;O
;client;NN;O
;apres;NNS;O
;validation;NN;O
;DRAFTS;NN;O
132;*STAGE;NN;O
;APPLICATION-RABAT;JJ;O
133;MAROC;NN;O
134;eRapprochement;NN;O
;bancaire;NN;O
;recettes;NNS;O
;péages;NNS;O
135;Division;NN;O
;Inspection;NN;O
136;Mois-2016;NN;B-DATE
137;péage;NN;O
138;*Verification;NN;O
;écarts;NNS;O
;rapprochement;NN;O
;centre;NN;O
;exploitation;NN;O
;Oujda;NN;B-LOCATION
139;OFFICE;NN;O
;DES;NNP;O
140;STAGE;NN;O
;OBSERVATION-RABAT;NN;O
141;Observation;NN;O
;mesures;NNS;O
;relatives;NNS;O
;reglementation;NN;O
;changes;NNS;O
142;Mois-2015;NN;B-DATE
143;matiere;RB;O
;importation;NN;O
;exportation;NN;O
144;*Etudes;NNS;O
;rapports;NNS;O
;liés;NN;O
;statistiques;NNS;O
;échanges;NNS;O
;éxtérieurs;NNS;O
145;Formation;NN;B-FORMATION
;l'Ecole;NN;O
;Nationale;NN;O
146;ENCG;NN;O
;Tanger;NN;B-LOCATION
147;Commerce;NNP;O
;Gestion;NN;O
148;Techniques;NNS;O
;vente;NN;O
149;Tanger;NN;B-LOCATION
;Option;NN;O
150;2013;CD;B-DATE
;2018;CD;I-DATE
151;Commerce;NNP;O
;International;NNP;O
152;Pack;NN;O
;Office;NN;O
153;Lycée;NN;O
;Les;NN;O
154;Baccalauréat;NN;O
;branche;NN;O
;Science;NN;O
155;Economiques;NNS;O
;Gestion;NN;O
;mention;NN;O
156;Bien;NN;O
;Lycée;NN;O
;Les;NN;O
;Orangers;NNS;O
;Rabat;NN;B-LOCATION
157;Stratégie;NN;O
;commerciale;NN;O
158;2011;CD;B-DATE
;2013;CD;I-DATE
159;Logistique;NN;O
;Achat;DT;O
160;Natation;NN;O
;Réseaux;NN;O
;sociaux;NN;O
;Arts;NNS;O
;martiaux;NN;O
;...;:;O
161;Nom;NN;O
;Prénom;NN;O
;Dounia;NN;B-NAME
;ROUDANE;NN;I-NAME
162;ans;NNS;O
163;Lotissement;NN;O
;Ard;NN;O
;Assalam;NN;O
;TAH;NN;O
164;Villa;NN;O
;Casablanca;NN;B-LOCATION
165;2;CD;B-PHONE
;12-6-64-46-26-80;JJ;I-PHONE
166;dounia.roudane;NN;B-MAIL
;gmail.com;NN;I-MAIL
167;CONTROLEUR;NN;O
;GESTION;NN;O
;SENIOR;NN;O
168;EXPERIENCES;NNS;B-EXPERIENCE
;PROFESSIONNELLES;NNS;I-EXPERIENCE
169;Depuis;NN;B-DATE
;Mai;NN;I-DATE
;2015;CD;I-DATE
;Contrôleur;NN;O
;Gestion;NN;O
;SENIOR;NN;O
;chez;NN;O
;MARGAFRIQUE;NN;O
170;Filiale;NN;O
;Groupe;NN;O
;EULJ;NN;O
;Casablanca;NN;B-LOCATION
;Maroc;NN;O
171;Secteur;NN;O
;Industrie;NN;O
;Distribution;NN;O
;alimentaire;NN;O
172;Elaboration;NN;O
;processus;NN;O
;budgétaire;NN;O
;construction;NN;O
;budget;NN;O
;annuel;NN;O
;révision;NN;O
;prévisions;NNS;O
173;Suivi;NN;O
;exécution;NN;O
;budgets;NNS;O
;analyse;NN;O
;écarts;NNS;O
;indicateurs;NNS;O
;activités;NN;O
174;Gestion;NN;O
;inventaires;NNS;O
;organisation;NN;O
;supervision;NN;O
;analyse;NN;O
;écarts;NNS;O
;stocks;NNS;O
;...;:;O
175;Supervision;NN;O
;clôture;NN;O
;comptable;JJ;O
;mensuelle;NN;O
;Contrôle;NN;O
;cohérence;NN;O
;exhaustivité;NN;O
;données;NN;O
176;comptables;NNS;O
;avant;NN;O
;reporting;NN;O
177;Mise;NN;O
;place;NN;O
;reporting;NN;O
;réguliers;NNS;O
;collaboration;NN;O
;responsable;JJ;O
;gestion;NN;O
;comptable;JJ;O
;portant;NN;O
178;situation;NN;O
;financière;NN;O
;évolution;NN;O
;coûts;NN;O
;rentabilité;NN;O
;projets;NNS;O
179;Conception;NN;O
;tableaux;NN;O
;bord;NN;O
;activité;NN;O
;distribution;NN;O
;Analyse;NN;O
;commerciale;NN;O
;logistique;NN;O
180;Amélioration;NN;O
;procédures;NNS;O
;gestion;NN;O
;optimisation;NN;O
;flux;NN;O
;information;NN;O
;financière;NN;O
181;Analyse;NN;O
;performances;NNS;O
;entreprise;NN;O
182;Supervision;NN;O
;comptabilité;NN;O
;analytique;NN;O
184;Réalisation;NN;O
;analyses;NNS;O
;ponctuelles;NNS;O
;participation;NN;O
;établissement;NN;O
;business;NN;O
;plan;NN;O
;projets;NNS;O
185;développement;NN;O
;...;:;O
186;Participation;NN;O
;amélioration;NN;O
;ERP;NN;O
;société;NN;O
;évolution;NN;O
;paramétrages;NNS;O
;mise;NN;O
;place;NN;O
187;procédures;NNS;O
;gestion;NN;O
;...;:;O
188;Août;NN;B-DATE
;2011;CD;I-DATE
;Avril;NN;I-DATE
;2015;CD;I-DATE
;Contrôleur;NN;O
;Gestion;NN;O
;Confirmé;NN;O
;chez;NN;O
;minoterie;NN;O
;industrielle;NN;O
;AMGALA;NN;O
189;Filiale;NN;O
;Groupe;NN;O
;RAJI;NN;O
;T-Man;NN;O
;Holding;VBG;O
;Casablanca;NN;B-LOCATION
;Maroc;NN;O
190;Secteur;NN;O
;Industrie;NN;O
;Agro-alimentaire;NN;O
191;Gestion;NN;O
;budgets;NNS;O
;Construction;NN;O
;animation;NN;O
;processus;NN;O
;consolidation;NN;O
;canevas;NN;O
;calendrier;NN;O
;élaboration;NN;O
192;forecast;NN;O
;trimestriel;NN;O
;analyse;NN;O
;écarts;NNS;O
;rapport;NN;O
;budget;NN;O
;...;:;O
193;Organisation;NN;O
;inventaires;NNS;O
;justification;NN;O
;écarts;NNS;O
194;Analyse;NN;O
;rentabilité;NN;O
;compte;NN;O
;exploitation;NN;O
;gestion;NN;O
195;Analyse;NN;O
;Chiffre;NN;O
;affaires;NNS;O
196;Calcul;NN;O
;provisions;NNS;O
;stocks;NNS;O
;clients;NNS;O
;selon;NN;O
;standards;NNS;O
;groupe;NN;O
197;Ratios;NNS;O
;activité;NN;O
;marge;NN;O
;opérationnelle;NN;O
;maitrise;NN;O
;coûts;NN;O
198;Indicateurs;NNS;O
;performance;NN;O
;amélioration;NN;O
;indicateurs;NNS;O
;existants;NNS;O
199;Participation;NN;O
;élaboration;NN;O
;rapport;NN;O
;gestion;NN;O
201;Participation;NN;O
;mise;NN;O
;place;NN;O
;comptabilité;NN;O
;analytique;NN;O
;accompagnement;NN;O
;cabinet;NN;O
;externe;NN;O
202;Elaboration;NN;O
;tableaux;NN;O
;bord;NN;O
;mensuels;NNS;O
;d'analyse;NN;O
;l'activité;NN;O
;reporting;NN;O
;contrôle;NN;O
;cohérence;NN;O
203;exhaustivité;NN;O
;données;NN;O
;comptables;NNS;O
;avant;NN;O
;reporting;NN;O
204;Elaboration;NN;O
;formalisation;NN;O
;équipes;NNS;O
;procédures;NNS;O
;internes;NNS;O
;...;:;O
205;Juin;NN;B-DATE
;2011;CD;I-DATE
206;Master;NN;O
;Contrôle;NN;O
;Comptabilité;NN;O
;Audit;NN;O
;Institut;NNP;O
;Hautes;NNS;O
;Etudes;NNS;O
;Mangement;NN;O
207;Casablanca;NN;B-LOCATION
;HEM;NN;O
;double;RB;O
;diplômation;NN;B-FORMATION
;Institut;NNP;O
;Administration;NN;O
;Entreprises;NNS;O
208;IAE;NN;O
;Lyon;NN;O
;-Université;NN;O
;Jean;NN;O
;Moulin-;NN;O
209;Juin;NN;B-DATE
;2010;CD;I-DATE
210;Master;NN;O
;Contrôle;NN;O
;Comptabilité;NN;O
;Audit;NN;O
;Institut;NNP;O
;Hautes;NNS;O
;Etudes;NNS;O
;Mangement;NN;O
211;Casablanca;NN;B-LOCATION
;HEM;NN;O
;double;RB;O
;diplômation;NN;B-FORMATION
;IAE;NN;O
;Lyon;NN;O
;-Université;NN;O
;Jean;NN;O
;Moulin-;NN;O
212;Juin;NN;B-DATE
;2009;CD;I-DATE
213;Licence;NN;O
;gestion;NN;O
;Institut;NNP;O
;Hautes;NNS;O
;Etudes;NNS;O
;Management;NN;O
;Casablanca;NN;B-LOCATION
;HEM;NN;O
214;Juin;NN;B-DATE
;2006;CD;I-DATE
215;Baccalauréat;NN;O
;série;NN;O
;sciences;NNS;O
;économiques;NNS;O
;Lycée;NN;O
;Mohammed;VBN;B-NAME
;Casablanca;NN;B-LOCATION
216;Techniques;NNS;O
;formalisation;NN;O
;contrôle;NN;O
;organisations;NNS;O
;calcul;NN;O
;coûts;NN;O
;analyse;NN;
;écarts;NNS;O
;...;:;O
217;Audit;NN;O
;financier;NN;O
;contrôle;NN;O
;interne;NN;O
218;Comptabilité;NN;O
;générale;NN;O
;approfondie;NN;O
219;Réalisation;NN;O
;prévisions;NNS;O
;gestion;NN;O
;budgétaire;NN;O
;indicateurs;NNS;O
;pilotage;NN;O
;tableaux;NN;O
;bord;NN;O
;balanced;VBN;O
220;scorecard;NN;O
;...;:;O
221;Techniques;NNS;O
;conception;NN;O
;mise;NN;O
;place;NN;O
;méthode;NN;O
;ABC/ABM;NN;O
;méthode;NN;O
;Target;NN;O
;Costing;VBG;O
;...;:;O
222;Les;NN;O
;systèmes;NNS;O
;information;NN;O
;...;:;O
223;Janvier-;NN;O
;Mars;NNS;B-DATE
;2011;CD;I-DATE
;Cabinet;NN;O
;expertise;NN;O
;comptable;JJ;O
;audit;NN;O
;conseil;NN;O
;ASSOCIES;NNS;O
;Casablanca;NN;B-LOCATION
224;Stage;NN;O
;fin;NN;O
;études;NNS;O
;sous;JJ;O
;mémoire;NN;O
;Fusions-Acquisitions;NNS;O
;Création;NN;O
;richesse;NN;O
;valeur;NN;O
225;actionnariale;NN;O
226;Missions;NNS;O
;audit;NN;O
;légal;NN;O
;commissariat;NN;O
;comptes;NNS;O
227;Missions;NNS;O
;audit;NN;O
;contractuel;NN;O
228;Projets;NNS;O
;consolidation;NN;O
229;Janvier-Mars;NNS;B-DATE
;2010;CD;I-DATE
;Cabinet;NN;O
;expertise;NN;O
;comptable;JJ;O
;audit;NN;O
;conseil;NN;O
;EURODEFIS;NN;O
;Casablanca;NN;B-LOCATION
230;Stage;NN;O
;application;NN;O
;sous;JJ;O
;mémoire;NN;O
;Imposition;NN;O
;E-Commerce;NN;O
;Difficultés;NN;O
;pratiques;NNS;O
;marocaines;NNS;O
231;Traitement;NN;O
;dossiers;NNS;O
;juridiques;NNS;O
;fiscaux;NN;O
232;Elaboration;NN;O
;guide;NN;O
;fiscal;JJ;O
;général;JJ;O
;besoin;NN;O
;cabinet;NN;O
233;Janvier-Février;NN;B-DATE
;2009;CD;I-DATE
;Cabinet;NN;O
;expertise;NN;O
;assistance;NN;O
;conseil;NN;O
;EXAC;NN;O
;Casablanca;NN;B-LOCATION
234;Stage;NN;O
;application;NN;O
235;Classement;NN;O
;pieces;NNS;O
236;Ecritures;NNS;O
;comptables;NNS;O
;journaux;NN;O
;auxiliaires;NNS;O
237;Declarations;NNS;O
;TVA;NN;O
;CNSS;NN;O
238;Paie;NN;O
;saisie;NN;O
;informatique;NN;O
239;Janvier-Mars;NNS;B-DATE
;2008;CD;I-DATE
;Stage;NN;O
;immersion;NN;O
;linguistique;NN;O
;anglais;NN;O
;Université;NN;O
;Malte;NN;O
;Malte;NN;O
240;Janvier-Février;NN;B-DATE
;2007;CD;I-DATE
;DERBY;NN;O
;stage;NN;O
;ouvrier;NN;O
;Casablanca;NN;B-LOCATION
;Maroc;NN;O
241;ERP;NN;O
;Oracle;NN;O
;EDWRADS;NN;O
;Mircrosoft;NNP;O
;Navision;NN;O
;Sage;NN;O
242;Environnement;NN;O
;Windows;NNS;O
;Microsoft;NNP;O
;Office;NN;O
;Internet;NN;O
243;Anglais;NN;O
;Courant;NN;O
244;Français;NN;O
;Bilingue;NN;O
246;Langue;NN;B-LANGUE
;maternelle;NN;O
247;ACTIVITES;NNS;O
;ASSOCIATIVES;NN;O
248;Vice;NNP;O
;Présidente;NN;O
;affaires;NNS;O
;relations;NNS;O
;publiques;NNS;O
;jeune;NN;O
;chambre;NN;O
;internationale;NN;O
;Casablanca;NN;B-LOCATION
;JCI;NN;O
;2010;CD;B-DATE
249;Présidente;NN;O
;junior;NN;O
;entreprise;NN;O
;école;NN;O
;HEM;NN;O
;2010;CD;B-DATE
251;Vice;NNP;O
;Présidente;NN;O
;communautaire;NN;O
;jeune;NN;O
;chambre;NN;O
;internationale;NN;O
;Casablanca;NN;B-LOCATION
;JCI;NN;O
;2009;CD;B-DATE
252;CENTRES;NN;O
;INTERETS;NN;O
253;Formatrice;NN;O
;certifiée;NN;O
;jeune;NN;O
;chambre;NN;O
;internationale;NN;O
;JCI;NN;O
254;PNL;NN;O
;Programmation;NN;O
;Neuro-;JJ;O
;Linguistique;NN;O
;Leadership;NN;O
;Intelligence;NN;O
;émotionnelle;NN;O
255;Theatre;NN;O
;francais;NN;O
;formation;NN;B-FORMATION
;école;NN;O
;francaise;NN;O
;théâtre;NN;O
256;Sport;NN;O
;LIA;NN;O
;Aquagym;NN;O
;Spinning;VBG;O
;Stretching;VBG;O
;...;:;O
257;KARIM;NNP;B-NAME
;NAIME;NN;I-NAME
258;11/12/1976;CD;B-DATE
;Célibataire;NN;O
259;GSM;NN;O
;212;NN;B-PHONE
;600111140;CD;I-PHONE
260;Email;NN;O
;k.naime76;NN;B-MAIL
;gmail.com;NN;I-MAIL
261;Ingénieur;NN;O
;Projet;NN;O
262;EXPÉRIENCES;NNS;B-EXPERIENCE
;PROFESSIONNELLES;NNS;I-EXPERIENCE
263;2014-2016;JJ;B-DATE
;Ingénieur;NN;O
;projet;NN;O
;Freelance;NN;O
;chez;NN;O
;SMARTSYS;NN;O
;AUTOMATION;NN;O
;chargé;NN;O
264;solutions;NNS;O
;réparation;NN;O
;modules;NNS;O
;cartes;NNS;O
;électronique;NN;O
;réalisation;NN;O
265;projets;NNS;O
;intitulés;NN;O
266;Solutions;NNS;O
;automatisme;NN;O
;modules;NNS;O
;Arduino;NN;O
;E/R;NN;O
;SMS;NN;O
;E/R;NN;O
;Radio;NN;O
267;Développement;NN;O
;serveur;NN;O
;impression;NN;O
;automatique;NN;O
;tickets;NNS;O
;pesage;NN;O
268;dll;NN;O
;communication;NN;O
;terminal;NN;O
;pesage;NN;O
;1400;CD;O
;langage;NN;O
269;NET;NN;O
270;Automatisation;NN;O
;système;NN;O
;démarrage;NN;O
;moulin;NN;O
;blé;NN;O
;aide;NN;O
271;VPautomate;NN;O
;programmable;JJ;O
;TSX3721;NN;O
;Télémécanique;NN;O
272;Assistance;NN;O
;mise;NN;O
;service;NN;O
;station;NN;O
;chargement;NN;O
;camions;NNS;O
;citerne;NN;O
273;Terminal;NN;O
;SALAM;NN;O
;GAZ;NN;O
;NADOR;NN;B-LOCATION
;nouveau;NN;O
;système;NN;O
;commande;NN;O
274;automate;NN;O
;programmable;JJ;O
;S7-300;NN;O
;Siemens;NNS;O
275;Automatisation;NN;O
;ensacheuse;NN;O
;volumétrique;NN;O
;automate;NN;O
;programmable;JJ;O
276;Zelio;NN;O
;Schneider;NN;O
277;Automatisation;NN;O
;systéme;NN;O
;assainissement;NN;O
;zone;NN;O
;industrielle;NN;O
278;Kenitra;NNP;B-LOCATION
;automate;NN;O
;programmable;JJ;O
;S7-1200;JJ;O
;Siemens;NNS;O
279;Développement;NN;O
;application;NN;O
;java;NN;O
;calcul;NN;O
;installations;NNS;O
280;électriques;NNS;O
;selon;NN;O
;normes;NNS;O
;Schneider;NN;O
;Electric;NNP;O
281;2012-2014;JJ;B-DATE
;Ingénieur;NN;O
;développement;NN;O
;chez;NN;O
;Radar-Concept;JJ;O
282;Vente;NN;O
;réparation;NN;O
;installation;NN;O
;matériel;NN;O
;électronique;NN;O
;maritime;NN;O
;Gyrocompas;NN;O
283;Sondeurs;NNS;O
;Loch;NN;O
;Sonar;NN;O
;Radar;NN;O
;navigation;NN;O
;matériels;NNS;O
;communication;NN;O
284;radio;NN;O
;...;:;O
285;Réalisation;NN;O
;projet;NN;O
;intitulé;NN;O
;Passerelle;NNP;O
;Intégré;NN;O
;programmé;NN;O
;JAVA;NN;O
286;liaison;NN;O
;Caméra;NN;O
;GPS;NN;O
;Sondeur;NN;O
;Loch;NN;O
;Gyrocompas;NN;O
;module;NN;O
287;Arduino;NN;O
;Ethernet;NN;O
288;1998-2008;JJ;B-DATE
;Responsable;JJ;O
;technique;NN;O
;Détection;NN;O
;sous-marine;NN;O
;centre;NN;O
;réparation;NN;O
289;moyens;NNS;O
;électronique;NN;O
;Marine;NN;O
;royale;NN;O
;Casablanca;NN;B-LOCATION
290;Réparation;NN;O
;installation;NN;O
;moyens;NNS;O
;électronique;NN;O
;navigation;NN;O
;Gyrocompas;NN;O
291;Sondeurs;NNS;O
;Loch;NN;O
;Sonar;NN;O
;Radar;NN;O
;navigation;NN;O
;matériels;NNS;O
;communication;NN;O
292;radio;NN;O
;...;:;O
293;2012;CD;B-DATE
294;Bac+5;NN;O
;Automatisme;NN;O
;Informatique;NN;O
;Industrielle;NNP;O
;Ecole;NN;O
;Marocaine;NN;O
;Sciences;NNS;O
295;l'Ingénieur;NN;O
296;2003;CD;B-DATE
297;Bac+4;NN;O
;option;NN;O
;Détecteur;NN;O
;Anti-sous-marin;JJ;O
;centre;NN;O
;instruction;NN;O
;navale;NN;O
;Toulon;NN;O
298;FRANCE;NN;O
299;1999;CD;B-DATE
300;Bac+3;NN;O
;option;NN;O
;Electronique;NN;O
;atelier;NN;O
;marine;NN;O
;centre;NN;O
;réparation;NN;O
;moyens;NNS;O
301;électronique;NN;O
;Marine;NN;O
;royale;NN;O
;Casablanca;NN;B-LOCATION
;MAROC;NN;O
302;1996;CD;B-DATE
303;Certificat;NN;O
;Militaire;NN;O
;Spécialité;NN;O
;option;NN;O
;Développement;NN;O
;Informatique;NN;O
;Marine;NN;O
;royale;NN;O
304;Casablanca;NN;B-LOCATION
;MAROC;NN;O
305;Juillet-Octobre;NN;B-DATE
;Stage;NN;O
;fin;NN;O
;d'étude;NN;O
;chez;NN;O
;SMARTSYS;NN;O
;Automation;NN;O
;tant;NN;O
306;ingénieur;NN;O
;projet;NN;O
;réalisation;NN;O
;projet;NN;O
;intitulé;NN;O
;Etude;NN;O
;d'une;NN;O
307;approche;NN;O
;d'automatisation;NN;O
;supervision;NN;O
;base;NN;O
;d'outils;NNS;O
;open;JJ;O
;source;NN;O
308;Formation;NN;B-FORMATION
;option;NN;O
;Automate;NN;O
;Programmable;JJ;O
;société;NN;O
;BARILEC;NN;O
309;FRANCE;NN;O
310;Formation;NN;B-FORMATION
;boitier;NN;O
;électronique;NN;O
;controle;NN;O
;machine;NN;O
;WARTSILA;NN;O
311;boitier;NN;O
;électronique;NN;O
;controle;NN;O
;KAMEWA;NNP;O
;société;NN;O
;ROLLS;NN;O
;ROYCE;NN;O
312;SUEDE;NN;O
313;Formation;NN;B-FORMATION
;conduite;NN;O
;personnels;NNS;O
;sien;NN;O
;centre;NN;O
;d'instruction;NN;O
;navale;NN;O
314;Toulon;NN;O
;FRANCE;NN;O
315;Gestion;NN;O
;automatismes;NNS;O
;systémes;NNS;O
;supervision;NN;O
;industrielles;NNS;O
316;Step;NN;O
;WinCC;NN;O
;TIA;NN;O
;Portal;NN;O
317;PL7;NN;O
;UnityPro;NN;O
;Vijeo;NN;O
;Citect;NN;O
318;Allen;NNP;O
;Bradley;NNP;O
319;Rslogix;NN;O
320;Inductive;JJ;O
;Automation;NN;O
321;Maintenance;NN;O
;reparations;NNS;O
;matériel;NN;O
;électronique;NN;O
;maritime;NN;O
322;Programmation;NN;O
;microcontrôleurs;NNS;O
;PIC;NN;O
;ARDUINO;NN;O
;C++;NN;O
;JAVA;NN;O
;.NET;NN;O
323;Installations;NNS;O
;électrique;NN;O
;norme;NN;O
;NFC15-100;NN;O
324;Programmation;NN;O
;automates;NNS;O
;programmables;NNS;O
;industriels;NNS;O
;Siemens;NNS;O
;Schneider;NN;O
;Allen;NNP;O
325;Bradley;NNP;O
;Premier;NN;O
;prix;NN;O
;1998;CD;B-DATE
;concours;NNS;O
;régional;NN;O
;Casablanca;NN;O
;projet;NN;O
;gestion;NN;O
326;amélioration;NN;O
;signalisation;NN;O
;feux;NN;O
;carrefours;NNS;O
;automate;NN;O
;programmable;JJ;O
327;Configuration;NN;O
;diagnostique;NN;O
;réseaux;NN;O
;locaux;NN;O
;industriels;NNS;O
;ProfiBus;NN;O
;ModBus;NN;O
;Ethernet;NN;O
328;Configuration;NN;O
;réparation;NN;O
;équipements;NNS;O
;industriels;NNS;O
;Variateurs;NNS;O
;vitesse;NN;O
;Démarreurs;NNS;O
329;KARIM;NNP;B-NAME
;NAIME;NN;I-NAME
330;11/12/1976;CD;B-DATE
;Célibataire;NN;O
331;GSM;NN;O
;212;NN;B-PHONE
;600111140;CD;I-PHONE
332;Email;NN;O
;k.naime76;NN;B-MAIL
;gmail.com;NN;I-MAIL
333;Ingénieur;NN;O
;Projet;NN;O
334;EXPÉRIENCES;NNS;B-EXPERIENCE
;PROFESSIONNELLES;NNS;I-EXPERIENCE
335;2014-2016;JJ;B-DATE
;Ingénieur;NN;O
;projet;NN;O
;Freelance;NN;O
;chez;NN;O
;SMARTSYS;NN;O
;AUTOMATION;NN;O
;chargé;NN;O
336;solutions;NNS;O
;réparation;NN;O
;modules;NNS;O
;cartes;NNS;O
;électronique;NN;O
;réalisation;NN;O
337;projets;NNS;O
;intitulés;NN;O
338;Solutions;NNS;O
;automatisme;NN;O
;modules;NNS;O
;Arduino;NN;O
;E/R;NN;O
;SMS;NN;O
;E/R;NN;O
;Radio;NN;O
339;Développement;NN;O
;serveur;NN;O
;impression;NN;O
;automatique;NN;O
;tickets;NNS;O
;pesage;NN;O
340;dll;NN;O
;communication;NN;O
;terminal;NN;O
;pesage;NN;O
;1400;CD;O
;langage;NN;O
341;NET;NN;O
342;Automatisation;NN;O
;système;NN;O
;démarrage;NN;O
;moulin;NN;O
;blé;NN;O
;aide;NN;O
343;VPautomate;NN;O
;programmable;JJ;O
;TSX3721;NN;O
;Télémécanique;NN;O
344;Assistance;NN;O
;mise;NN;O
;service;NN;O
;station;NN;O
;chargement;NN;O
;camions;NNS;O
;citerne;NN;O
345;Terminal;NN;O
;SALAM;NN;O
;GAZ;NN;O
;NADOR;NN;O
;nouveau;NN;O
;système;NN;O
;commande;NN;O
346;automate;NN;O
;programmable;JJ;O
;S7-300;NN;O
;Siemens;NNS;O
347;Automatisation;NN;O
;ensacheuse;NN;O
;volumétrique;NN;O
;automate;NN;O
;programmable;JJ;O
348;Zelio;NN;O
;Schneider;NN;O
349;Automatisation;NN;O
;systéme;NN;O
;assainissement;NN;O
;zone;NN;O
;industrielle;NN;O
350;Kenitra;NNP;B-LOCATION
;automate;NN;O
;programmable;JJ;O
;S7-1200;JJ;O
;Siemens;NNS;O
351;Développement;NN;O
;application;NN;O
;java;NN;O
;calcul;NN;O
;installations;NNS;O
352;électriques;NNS;O
;selon;NN;O
;normes;NNS;O
;Schneider;NN;O
;Electric;NNP;O
353;2012-2014;JJ;B-DATE
;Ingénieur;NN;O
;développement;NN;O
;chez;NN;O
;Radar-Concept;JJ;O
354;Vente;NN;O
;réparation;NN;O
;installation;NN;O
;matériel;NN;O
;électronique;NN;O
;maritime;NN;O
;Gyrocompas;NN;O
355;Sondeurs;NNS;O
;Loch;NN;O
;Sonar;NN;O
;Radar;NN;O
;navigation;NN;O
;matériels;NNS;O
;communication;NN;O
356;radio;NN;O
;...;:;O
357;Réalisation;NN;O
;projet;NN;O
;intitulé;NN;O
;Passerelle;NNP;O
;Intégré;NN;O
;programmé;NN;O
;JAVA;NN;O
358;liaison;NN;O
;Caméra;NN;O
;GPS;NN;O
;Sondeur;NN;O
;Loch;NN;O
;Gyrocompas;NN;O
;module;NN;O
359;Arduino;NN;O
;Ethernet;NN;O
360;1998-2008;JJ;B-DATE
;Responsable;JJ;O
;technique;NN;O
;Détection;NN;O
;sous-marine;NN;O
;centre;NN;O
;réparation;NN;O
361;moyens;NNS;O
;électronique;NN;O
;Marine;NN;O
;royale;NN;O
;Casablanca;NN;B-LOCATION
362;Réparation;NN;O
;installation;NN;O
;moyens;NNS;O
;électronique;NN;O
;navigation;NN;O
;Gyrocompas;NN;O
363;Sondeurs;NNS;O
;Loch;NN;O
;Sonar;NN;O
;Radar;NN;O
;navigation;NN;O
;matériels;NNS;O
;communication;NN;O
364;radio;NN;O
;...;:;O
367;Yassine;NN;B-NAME
;KIDISS;NNP;I-NAME
368;448;CD;O
369;appt;NN;O
;imm;NN;O
;Avenue;NN;O
;Atlas;NNS;O
;sala;NN;B-LOCATION
;jadida;NN;I-LOCATAION
371;E-mail;NN;O
;yassinekidiss;NN;B-MAIL
;gmail;NN;I-MAIL
;.com;NN;I-MAIL
373;Date;NN;O
;naissance;NN;O
;18/10/1983;CD;B-DATE
375;Célibataire;NN;O
;Permis;NN;O
376;EXPERIENCES;NNS;B-EXPERIENCE
;PROFESSIONNELLES;NNS;I-EXPERIENCE
377;Depuis;NN;B-DATE
;Janvier;NN;I-DATE
;2016;CD;I-DATE
378;Ingénieur;NN;O
;commercial;JJ;O
;sein;NN;O
;société;NN;O
;MASTERLAB;NN;O
;Rabat;NN;B-LOCATION
379;Fevrier;NN;B-DATE
;2014-Janvier;JJ;I-DATE
;2016;CD;I-DATE
380;Agent;NN;O
;réservation;NN;O
;sein;NN;O
;groupe;NN;O
;HP-CDG;NN;O
;SERVICES;NN;O
;MAROC;NN;O
381;TECHNOPOLIS;NN;O
;RABAT;NN;B-LOCATION
382;Février;NN;B-DATE
;2013-septembre2013;JJ;I-DATE
383;Télévendeur;NN;O
;sein;NN;O
;groupe;NN;O
;Marketing;NN;O
;Call;VB;O
;Center;NNP;O
;RABAT;NN;B-LOCATION
384;Janvier;NN;B-DATE
;2012-Mars;NNS;I-DATE
;2012;CD;I-DATE
385;Conseiller;NN;O
;Client;NN;O
;sein;NN;O
;groupe;NN;O
;WEBHELP;NN;O
;Maroc;NN;O
;TECHNOPOLIS;NN;O
;RABAT;NN;B-LOCATION
386;Decembre;NN;B-DATE
;2011-;JJ;I-DATE
;Janvier;NN;I-DATE
;2012;CD;I-DATE
387;Téléacteur;NN;O
;émission;NN;O
;appels;NNS;O
;sein;NN;O
;groupe;NN;O
;ISOSELL;NN;O
388;Aout;IN;B-DATE
;2011;CD;I-DATE
389;Stage;NN;O
;formation;NN;B-FORMATION
;sein;NN;O
;banque;NN;O
;marocaine;NN;O
;commerce;NN;O
;industrie;NN;O
;—BMCI-;NN;O
390;Stage;NN;O
;formation;NN;B-FORMATION
;sein;NN;O
;société;NN;O
;RASSIF;NN;O
;KOM;NNP;O
;SARL;NN;O
391;Septembre2007-Juin;NN;B-DATE
;2008;CD;I-DATE
392;Poste;NN;O
;Professeur;NN;O
;Sciences;NNS;O
;Naturelles;NNS;O
393;Entreprise;NN;O
;Etablissement;NN;O
;AL-HIKMA;JJ;O
;Enseignement;NN;O
;Secondaire;NN;O
;Collégiale;NN;O
;Privé;NN;O
394;Avril2007-Juin2007;JJ;B-DATE
;Janvier2007-Février;NN;B-DATE
;2007;CD;I-DATE
395;Stage;NN;O
;formation;NN;B-FORMATION
;sein;NN;O
;Societe;NN;O
;NIMEX;NN;O
;Import;NN;O
;Export;NN;O
396;Mars2007-Mai;NN;B-DATE
;2007;CD;I-DATE
397;Stage;NN;O
;formation;NN;B-FORMATION
;sein;NN;O
;Laboratoire;NN;O
;Analyse;NN;O
;Eaux;NN;O
;l'ONEP;NN;O
;khénifra;NN;O
398;Octobre2006-;NN;B-DATE
;Décembre2006;NN;I-DATE
399;formation;NN;B-FORMATION
;sein;NN;O
;tia;NN;O
;vente;NN;O
;materiel;NN;O
400;diplôme;NN;B-FORMATION
;cycle;NN;O
;normal;JJ;O
;bac+3;NN;O
;Ecole;NN;O
;Supérieure;NN;O
;Sciences;NNS;O
;Ingénierie;NN;O
401;Commerciale;NN;O
;ESSIC-Meknés;NN;O
;—premier;NN;O
;prix;NN;O
402;Option;NN;O
;Finance;NN;O
;Management;NN;O
403;Licence;NN;O
;Sciences;NNS;O
;Vie;NN;O
;Option;NN;O
;Biologie;NNP;O
;Générale;NN;O
404;Juin;NN;B-DATE
;2005;CD;I-DATE
405;D.E.U.G;NN;O
;Sciences;NNS;O
;Vie;NN;O
406;Juin;NN;B-DATE
;2002;CD;I-DATE
407;Baccalauréat;NN;O
;Sciences;NNS;O
;Expérimentales;NNS;O
408;Compétences;NNS;O
;Proffessionnellles;NNS;O
409;Managériales;NNS;O
;Commerciales;NNS;O
;Bureautique;NN;O
;Management;NN;O
;Comptabilité;NN;O
;Droit;NNP;O
;Techniques;NNS;O
410;communication;NN;O
;Programmation;NN;O
;Visuel;NN;O
;Basic;JJ;O
;Fiscalité;NN;O
;Bases;NNS;O
;Données;NN;O
;Excel;NN;O
411;Langue;NN;B-LANGUE
;Maternelle;NNP;O
412;Francais;NN;O
;Courant;NN;O
413;Niveau;NN;O
;moyen;NN;O
414;Centres;NNS;O
;tintéréts;NN;O
415;Sports;NNS;O
;collectifs;NN;O
;films;NNS;O
;Musique;NN;O
417;Prénom;NN;O
;YOUNES;NN;B-NAME
418;Ingénieur;NN;O
;Telecom;NN;O
419;LEMRANI;NN;I-NAME
420;Chef;NN;O
;projets;NNS;O
421;Rue;NN;O
;Saloma;NN;O
422;Certifié;NN;O
;ITIL®;NN;O
;CSM®;NN;O
;MCITP®;NN;O
;MCTS®;NN;O
;MCP®;NN;O
;CCNA®;NN;O
423;Ain;NN;O
;Sebaâ;NN;O
;20590;CD;O
;Casablanca;NN;B-LOCATION
424;BAC+5;NN;O
;ans;NNS;O
;expérience;NN;B-EXPERIENCE
425;Younes.lemrani;NN;B-MAIL
;gmail.com;NN;I-MAIL
426;https;NN;O
;//ma.linkedin.com/in/younes-lemrani-1471102a;NN;O
428;Expériences;NNS;B-EXPERIENCE
;professionnelles;NNS;I-EXPERIENCE
429;Prestataire;NN;O
;services;NNS;O
;informatiques;NNS;O
;Télécoms;NNS;O
430;Direction;NN;O
;technique;NN;O
431;Chef;NN;O
;projets;NNS;O
;octobre;NN;B-DATE
;2015;CD;I-DATE
;Mai;NN;I-DATE
;2016;CD;I-DATE
432;NOMA;NN;O
;TIS;NN;O
433;Mission;NN;O
434;Management;NN;O
;équipe;NN;O
;collaborateurs;NNS;O
;backoffice;NN;O
;coordinateurs;NNS;O
;chef;NN;O
435;équipes;NNS;O
;ingénieurs;NNS;O
;techniciens;NNS;O
436;Suivi;NN;O
;avancement;NN;O
;projet;NN;O
;prévisions;NNS;O
;écarts;NNS;O
;rapport;NN;O
437;objectifs;NNS;O
;fixés;NN;O
438;Gestion;NN;O
;modifications;NNS;O
;rapport;NN;O
;périmetre;NN;O
;prédéfini;NN;O
;étude;NN;O
;impact;NN;O
439;contraintes;NNS;O
;fixées;NN;O
;délais;NN;O
;budget;NN;O
;qualité;NN;O
;périmetre;NN;O
440;Communications;NNS;O
;entre;NN;O
;différentes;NNS;O
;parties;NNS;O
;prenantes;NNS;O
;projet;NN;O
441;Gestion;NN;O
;ressources;NNS;O
;humaines;NNS;O
;logistiques;NNS;O
;financières;NNS;O
;projet;NN;O
442;Développement;NN;O
;rapports;NNS;O
;tableaux;NN;O
;bord;NN;O
443;Contrôle;NN;O
;rapports;NNS;O
;prestations;NNS;O
444;Validation;NN;O
;livrables;NNS;O
446;conduite;NN;O
;animation;NN;O
;réunion;NN;O
;/comité;NN;O
;projet;NN;O
447;Projet;NN;O
;géré;NN;O
448;Projet;NN;O
;Inventaire;NN;O
;physique;NN;O
;immobilisations;NNS;O
;Réseau;NN;O
;WANA;NN;O
449;opérateur;NN;O
;INWI;NN;O
450;Prestataire;NN;O
;services;NNS;O
;managés;NN;O
451;Direction;NN;O
;opérations;NNS;O
;techniques;NNS;O
452;Chef;NN;O
;projets;NNS;O
;juillet;NN;B-DATE
;2012;CD;I-DATE
;Septembre;NN;I-DATE
;2015;CD;I-DATE
453;Mission;NN;O
454;mise;NN;O
;ceuvre;NN;O
;suivi;NN;O
;pilotage;NN;O
;projet;NN;O
;suivi;NN;O
;client;NN;O
;sous-traitants;NNS;O
455;Suivi;NN;O
;qualité;NN;O
;livrables;NNS;O
;respect;NN;O
;procédures;NNS;O
;budgets;NNS;O
456;Délais;NN;O
457;Suivi;NN;O
;rentabilité;NN;O
;facturabilité;NN;O
;projets;NNS;O
;recouvrement;NN;O
458;Maitrise;NN;O
;contrat;NN;O
;engagements;NNS;O
459;maîtrise;NN;O
;œuvre;NN;O
;prestations;NNS;O
;respect;NN;O
;engagements;NNS;O
;contractuels;NNS;O
460;service;NN;O
461;Gestion;NN;O
;activités;NN;O
;associées;NN;O
;l'exécution;NN;O
;prestations;NNS;O
;service;NN;O
462;Préparation;NN;O
;animation;NN;O
;comités;NN;O
;pilotage;NN;O
;client;NN;O
463;Gestion;NN;O
;risques;NNS;O
;opérationnels;NNS;O
465;constitution;NN;O
;organisation;NN;O
;planification;NN;O
;coordination;NN;O
;activité;NN;O
466;équipes;NNS;O
;backoffice;NN;O
;hotline;NN;O
;support;NN;O
;technique;NN;O
;ingénieurs;NNS;O
;techniciens;NNS;O
467;installateurs;NNS;O
468;anticipation;NN;O
;gestion;NN;O
;risques;NNS;O
;évaluation;NN;O
;impacts;NNS;O
;gestion;NN;O
;crises;NNS;O
469;priorisation;NN;O
;gestion;NN;O
;escalades;NNS;O
470;conduite;NN;O
;animation;NN;O
;réunion;NN;O
;/comité;NN;O
;projet;NN;O
471;Management;NN;O
;équipe;NN;O
;collaborateurs;NNS;O
;Suivi;NN;O
472;Administratif;NN;O
;logistique;NN;O
;entretiens;NNS;O
;Formations;NNS;B-FORMATION
;Evaluations;NNS;O
;support;NN;O
473;Curriculum;NN;O
;Vitae;NN;O
474;Version;NN;O
;Juin;NN;B-DATE
;2016;CD;I-DATE
475;Assistance;NN;O
;coaching;VBG;O
;résolution;NN;O
;conflits;NNS;O
;conduite;NN;O
;changement;NN;O
476;Optimisation;NN;O
;processus;NN;O
;ressources;NNS;O
;charges;NNS;O
477;Management;NN;O
;global;JJ;O
;projet;NN;O
;intégration;NN;O
;contenu;NN;O
;délais;NN;O
;coûts;NN;O
;qualité;NN;O
478;RHs;NN;O
;communication;NN;O
;risques;NNS;O
;approvisionnement;NN;O
;parties;NNS;O
;prenantes;NNS;O
479;Développement;NN;O
;rapports;NNS;O
;tableaux;NN;O
;bord;NN;O
480;Support;NN;O
;technique;NN;O
;niveau;NN;O
;expert;NN;O
;solutions;NNS;O
;mises;NNS;O
;place;NN;O
481;Réponse;NN;O
;appels;NNS;O
;offres;NNS;O
;établissement;NN;O
;propositions;NNS;O
;commerciales;NNS;O
482;Rédaction;NN;O
;mise;NN;O
;jour;NN;O
;processus;NN;O
;modèles;NNS;O
;procédés;NN;O
;vue;NN;O
483;Garantir;NN;O
;standardisation;NN;O
;gestion;NN;O
;projets;NNS;O
;sein;NN;O
;équipe;NN;O
484;Projets;NNS;O
;opérations;NNS;O
;gérés;NN;O
485;Projet;NN;O
;Etude;NN;O
;faisabilité;NN;O
;déploiement;NN;O
;Maintenance;NN;O
;solutions;NNS;O
486;Boucle;NN;O
;locale;NN;O
;Radio;NN;O
;B2B;NN;O
;intégration;NN;O
;services;NNS;O
;voix;NN;O
;data;NNS;O
487;opérateur;NN;O
;INWI;NN;O
488;3700;CD;O
;Prestations;NNS;O
489;Projet;NN;O
;Déploiement;NN;O
;Maintenance;NN;O
;liaisons;NNS;O
;B2B;NN;O
;ADSL;NN;O
490;BLO;NN;O
;LLI;NN;O
;RNIS;NN;O
;intégration;NN;O
;services;NNS;O
;voix;NN;O
;data;NNS;O
491;opérateur;NN;O
;INWI;NN;O
492;200;CD;O
;Prestations;NNS;O
493;Projet;NN;O
;Déploiement;NN;O
;Maintenance;NN;O
;ADSL;NN;O
;B2C;NN;O
;voix;NN;O
;data;NNS;O
494;opérateur;NN;O
;INWI;NN;O
495;350;CD;O
;Prestations;NNS;O
496;Projet;NN;O
;Infogérance;NN;O
;prestations;NNS;O
;clients;NNS;O
;tibco;NN;O
;services;NNS;O
497;100;CD;O
;Prestations;NNS;O
498;Prestataire;NN;O
;services;NNS;O
;managés;NN;O
499;iunlî;NN;O
;:;:;O
;—c;NN;O
;:;:;O
;.—;NN;O
500;Direction;NN;O
;opérations;NNS;O
;techniques;NNS;O
501;Coordinateur;NN;O
;projets;NNS;O
;Juillet;NN;B-DATE
;2011;CD;I-DATE
;juin;NN;I-DATE
;2012;CD;I-DATE
502;Mission;NN;I-DATE
503;Participation;NN;O
;définition;NN;O
;cadrage;NN;O
;besoins;NNS;O
;fonctionnels;NNS;O
504;Définition;NN;O
;besoins;NNS;O
;termes;NNS;O
;ressources;NNS;O
;humaines;NNS;O
;compétences;NNS;O
505;Techniques;NNS;O
506;Préparation;NN;O
;amont;NN;O
;éléments;NNS;O
;chiffrage;NN;O
;et/ou;NN;O
;facturation;NN;O
507;Pilotage;NN;O
;suivi;NN;O
;coordination;NN;O
;projet;NN;O
508;Mettre;NN;O
;place;NN;O
;structures;NNS;O
;projet;NN;O
;règles;NNS;O
;fonctionnement;NN;O
509;Méthodes;NNS;O
;outils;NNS;O
;pilotage;NN;O
;indicateurs;NNS;O
510;Définition;NN;O
;équipes;NNS;O
;projet;NN;O
;objectifs;NNS;O
;délais;NN;O
;réalisation;NN;O
511;Des;NNP;O
;livrables;NNS;O
;applications;NNS;O
;modules;NNS;O
;développement;NN;O
;spécifique;NN;O
512;Affectation;NN;O
;ressources;NNS;O
;fonction;NN;O
;contraintes;NNS;O
;techniques;NNS;O
513;Pilotage;NN;O
;mesure;NN;O
;état;NN;O
;avancement;NN;O
;création;NN;O
;tableaux;NN;O
;bord;NN;O
514;Choix;NN;O
;indicateurs;NNS;O
;planification;NN;O
;comités;NN;O
;pilotage;NN;O
515;Supervision;NN;O
;coordination;NN;O
;travail;NN;O
;ensemble;JJ;O
;acteurs;NNS;O
;internes;NNS;O
516;Et/ou;NN;O
;externes;NNS;O
517;Curriculum;NN;O
;Vitae;NN;O
518;Version;NN;O
;Juin;NN;B-DATE
;2016;CD;I-DATE
519;NWI;NN;O
520;Opérateur;NN;O
;Télécoms;NNS;O
521;Direction;NN;O
;Business;NN;O
;Services;NNS;O
522;Technicien;NN;O
;chargé;NN;O
;intervention;NN;O
;B2B;NN;O
;Juillet;NN;B-DATE
;2009;CD;I-DATE
;Juin;NN;I-DATE
;2011;CD;I-DATE
523;Mission;NN;O
524;Mise;NN;O
;service;NN;O
;Des;NNP;O
;solutions;NNS;O
;INWI;NN;O
;entreprise;NN;O
;Data;NNS;O
;voix;NN;O
525;Installation;NN;O
;Liaisons;NNS;O
;VPN/MPLS;NN;O
;LAN2LAN;NN;O
;VLAN;NN;O
;VPLS;NN;O
;VPN/IPSEC;NN;O
526;VOIP;NN;O
;sous;JJ;O
;Supports;NNS;O
;ADSL;NN;O
;RNIS;NN;O
;BLR;NN;O
;Cambridge;NN;O
;BLO;NN;O
;NTU;NN;O
;RAD;NN;O
527;Routeur;NN;O
;Switch;NN;O
;CISCO;NN;O
528;Analyse;NN;O
;l'existant;NN;O
;besoins;NNS;O
;clients;NNS;O
;actions;NNS;O
;d'avant-;NN;O
529;Vente;NN;O
530;Réalisation;NN;O
;projets;NNS;O
;grands;NNS;O
;comptes;NNS;O
;nationaux;NN;O
;internationaux;NN;O
531;Pilotage;NN;O
;projets;NNS;O
;migration;NN;O
;architecture;NN;O
;Réseau;NN;O
;Maroc;NN;O
;Télécom;NN;O
532;Meditel;NN;O
;vers;NNS;O
;INWI;NN;O
533;Conception;NN;O
;d'architectures;NNS;O
;Réseau/Télécom;NN;O
;interconnexion;NN;O
;sites;NNS;O
;voix;NN;O
;data;NNS;O
534;via;IN;O
;Boucle;NN;O
;locale;NN;O
;Radio;NN;O
;Fibre;NN;O
;optique;NN;O
535;configuration;NN;O
;Analyse;NN;O
;diagnostic;JJ;O
;incidents;NNS;O
;remontées;NN;O
536;Bug;NN;O
;Respect;NN;O
;SLA;NN;O
;satisfaction;NN;O
;client;NN;O
537;Conseil;NN;O
;conception;NN;O
;installation;NN;O
;configuration;NN;O
;migration;NN;O
;intégration;NN;O
;formation;NN;B-FORMATION
538;Tech-transfert;NN;O
;support/troubleshooting;VBG;O
;Installation;NN;O
;configuration;NN;O
;ADs;NN;O
539;Patton;NN;O
;One;CD;O
;Access;NN;O
;Teles;NNS;O
;Voip;NN;O
;lignes;NNS;O
;analogiques;NNS;O
;T0et;NN;O
540;Intégration;NN;O
;voix;NN;O
;Pabx;NN;O
541;Configuration;NN;O
;routeurs;NNS;O
;Cisco;NN;O
;Sagem;NN;O
;accès;NN;O
;internet;NN;O
;ADSL;NN;O
542;Participation;NN;O
;formation;NN;B-FORMATION
;collaborateurs;NNS;O
;techniques;NNS;O
543;Réalisation;NN;O
;Site;NN;O
;Survey;NN;O
;étude;NN;O
;faisabilité;NN;O
;expertises;NNS;O
;techniques;NNS;O
544;Déploiement;NN;O
;technologies;NNS;O
;ADSL;NN;O
;BLR;NN;O
;BLO;NN;O
;WIMAX;NN;O
;VSAT;NN;O
546;Assistance;NN;O
;techniques;NNS;O
;Data;NNS;O
;Center;NNP;O
;INWI;NN;O
547;com;NN;O
548;Compagnie;NN;O
;Transports;NNS;O
;Maroc;NN;O
;Mai;NN;B-DATE
;2009;CD;I-DATE
549;Depuis;NN;I-DATE
;1919;CD;I-DATE
550;Stage;NN;O
;Administrateur;NN;O
;Réseaux;NN;O
;Systèmes;NNS;O
;Informatiques;NNS;O
551;Mission;NN;O
552;Installation;NN;O
;configuration;NN;O
;serveurs;NNS;O
;Windows;NNS;O
;2000/2003;CD;B-DATE
;DHCP;NN;O
553;DNS;NN;O
;FTP;NN;O
;messagerie;NN;O
554;Maintenance;NN;O
;helpdesk;NN;O
555;Supervision;NN;O
;Nagios;NNS;O
556;Administration;NN;O
;réseaux;NN;O
;entreprise;NN;O
;LAN;NN;O
;WAN;NN;O
;Switches;NNS;O
;routeurs;NNS;O
557;Concentrateurs;NNS;O
;cablage;NN;O
558;gestion;NN;O
;maintenance;NN;O
;infrastructures;NNS;O
;techniques;NNS;O
559;suivi;NN;O
;résolution;NN;O
;incidents;NNS;O
560;Société;NN;O
;Orgerie;NN;O
;Anoual;JJ;O
;Janvier;NN;B-DATE
;Avril;NN;I-DATE
;2009;CD;I-DATE
561;Stage;NN;O
;Technicien;NN;O
;Supérieur;NN;O
;Réseaux;NN;O
;Systémes;NNS;O
;Informatiques;NNS;O
562;Mission;NN;O
563;Administration;NN;O
;Réseaux;NN;O
;systèmes;NNS;O
;informatiques;NNS;O
;Windows;NNS;O
;2000/2003;CD;B-DATE
564;Administration;NN;O
;contrôle;NN;O
;domaine;NN;O
;messagerie;NN;O
;applications;NNS;O
565;maintenance;NN;O
;corrective;NN;O
;traitement;NN;O
;incidents;NNS;O
;leurs;NNS;O
;résolutions;NNS;O
567;maintenance;NN;O
;préventive;NN;O
;suivi;NN;O
;mise;NN;O
;jour;NN;O
;équipements;NNS;O
;actifs;NNS;O
;Gestion;NN;O
568;capacités;NN;O
;planning;NN;O
569;supervision;NN;O
;équipements;NNS;O
;réseaux;NN;O
570;Gestion;NN;O
;Helpdesk;NN;O
;parc;NN;O
;informatique;NN;O
571;Participation;NN;O
;mise;NN;O
;place;NN;O
;suivi;NN;O
;politique;NN;O
;sécurité;NN;O
572;Curriculum;NN;O
;Vitae;NN;O
573;Version;NN;O
;Juin;NN;B-DATE
;2016;CD;I-DATE
574;Bayti;NN;O
;Development;NNP;O
;Management;NN;O
;Company;NN;O
;Juillet;NN;B-DATE
;Décembre;NN;I-DATE
;2008;CD;I-DATE
575;Stage;NN;O
;Administrateur;NN;O
;Réseaux;NN;O
;Systèmes;NNS;O
;Informatiques;NNS;O
576;Mission;NN;O
577;Administration;NN;O
;réseaux;NN;O
;systèmes;NNS;O
;informatiques;NNS;O
578;Télémaintenance;NN;O
;Helpdesk;NN;O
579;installation;NN;O
;systèmes;NNS;O
;exploitation;NN;O
;réseaux;NN;O
;logiciels;NNS;O
580;Assistance;NN;O
;technique;NN;O
;utilisateurs;NNS;O
582;Assistance;NN;O
;technique;NN;O
;formation;NN;B-FORMATION
583;Société;NN;O
;Maghreb;NN;O
;Hassoub;NN;O
;Juillet;NN;B-DATE
;2007;CD;I-DATE
;Aout;IN;I-DATE
;2007;CD;I-DATE
584;Stage;NN;O
;Webmaster;NN;O
585;Mission;NN;O
586;Infographie;NN;O
587;Développement;NN;O
;sites;NNS;O
;web;NN;O
588;Programmation;NN;O
;création;NN;O
;applications;NNS;O
;web;NN;O
589;eee;NN;O
590;Développement;NN;O
;communication;NN;O
;interne;NN;O
;externe;NN;O
;web;NN;O
591;Université;NN;O
;Hassan;NNP;O
;ler;NN;O
;Faculté;NN;O
;Sciences;NNS;O
;Techniques;NNS;O
;Settat;NN;O
592;Master;NN;O
;Universitaire;NN;O
;Spécialisé;NN;O
;Systemes;NNS;O
;information;NN;O
593;Option;NN;O
;Management;NN;O
;Projet;NN;O
594;ENITE;NN;O
;Ecole;NN;O
;supérieure;NN;O
;d'Informatique;NN;O
;Télécommunications;NNS;O
;d'Economie;NN;O
595;Ingénieur;NN;O
;Réseaux;NN;O
;Systemes;NNS;O
;informatiques;NNS;O
596;IFIAG;NN;O
;Université;NN;O
;Paris-Est;NN;O
;Marne-La-Vallée;NN;O
597;Licence;NN;O
;Professionnelle;NNP;O
;Réseaux;NN;O
;Télécommunications;NNS;O
598;Spécialité;NN;O
;Administration;NN;O
;Transmission;NN;O
;information;NN;O
599;Institut;NNP;O
;Multi-hexa;NN;O
600;Technicien;NN;O
;Spécialisé;NN;O
;Développement;NN;O
;informatique;NN;O
601;2016;CD;B-DATE
;Agency;NN;O
;Formations;NNS;B-FORMATION
;préparation;NN;O
;certification;NN;O
602;PMP®;NN;O
;Project;NN;O
;Management;NN;O
;Professional;JJ;O
;cours;NNS;O
;préparation;NN;O
603;New;NNP;O
;vison;NN;O
;Formations;NNS;B-FORMATION
;préparation;NN;O
;certification;NN;O
604;PRINCE2;NN;O
605;PRINCE2®;NN;O
;PRojects;NNS;O
;Controlled;VBN;OO
;Environments;NNS;O
;cours;NNS;O
;préparation;NN;O
607;BCLOUD;NN;O
;Formations;NNS;B-FORMATION
;certification;NN;O
608;ScrumMaster®;NN;O
;CSM;NN;O
;3,94E+12;CD;O
609;2014;CD;B-DATE
;Agency;NN;O
;Formations;NNS;B-FORMATION
;certifications;NNS;O
611;Sire;NN;O
612;ITIL®;NN;O
;Information;NN;O
;Technology;NN;O
;Infrastructure;NN;O
;Library;JJ;O
;5002716.20256373;CD;O
613;Certified;VBN;O
614;Curriculum;NN;O
;Vitae;NN;O
615;Version;NN;O
;Juin;NN;B-DATE
;2016;CD;I-DATE
616;2012-2013;JJ;B-DATE
;RESOTEL;NN;O
;Formations;NNS;O
;certifications;NNS;O
;MCITP;NN;O
617;Microsoft;NNP;O
;Microsoft;NNP;O
;Certified;VBN;O
;Professional;JJ;O
618;Windows;NNS;O
;Server®;NN;O
;2008;CD;B-DATE
;Active;JJ;O
;Directory;NN;O
619;Techni;NN;O
;loc;NN;O
620;Windows;NNS;O
;Server®;NN;O
;2008;CD;B-DATE
;Applications;NNS;O
621;Windows;NNS;O
;Server®;NN;O
;2008;CD;B-DATE
;Network;NN;O
;Infrastructure;NN;O
622;Infrastructure;NN;O
623;Professional;JJ;O
624;Microsoft;NNP;O
;Certified;VBN;O
;Professional;JJ;O
;MCITP;NN;O
625;2009-2010;JJ;B-DATE
;ENITE;NN;O
;Formation;NN;B-FORMATION
;certification;NN;O
;CCNA;NN;O
626;Cisco;NN;O
;Certified;VBN;O
;network;NN;O
;associate;NN;O
627;Systemes;NNS;O
;Exploitation;NN;O
628;Windows;NNS;O
;Linux;NN;O
;MAC;NNP;O
629;SGBD;NN;O
630;SQL;NN;O
;Access;NN;O
;Oracle;NN;O
631;HTML;NN;O
;PHP;NN;O
;C++;NN;O
;UML;NN;O
;JAVA;NN;O
;VB.net;NN;O
;J2EE;NN;O
632;Télécoms;NNS;O
633;BLR;NN;O
;BLO;NN;O
;VSAT;NN;O
;WIMAX;NN;O
;GSM;NN;O
;CDMA;NN;O
;DSL;NN;O
634;Bonnes;NNS;O
;Pratiques;NNS;O
635;COBIT;NN;O
;ISO;NN;O
;27001;CD;O
;PMI;NN;O
;PMBOK;NN;O
;CMML;NN;O
;ITIL;NN;O
;CISA;NN;O
;Prince2;NN;O
;CSM;NN;O
636;OSI;NN;O
;TCP/IP;NN;O
;LAN;NN;O
;VLAN;NN;O
;MAN;NN;O
;WAN;NN;O
637;Réseaux;NN;O
;Systèmes;NNS;O
638;Administration;NN;O
;2000/2003/2008;CD;B-DATE
;Server;NN;O
;Virtualization;NN;O
639;Configuration;NN;O
;Routeurs;NNS;O
;Switch;NN;O
;Firewall;NN;O
;Cisco;NN;O
640;VOIP;NN;O
;SIP;NN;O
;H323;NN;O
;IAD;NN;O
;Patton;NN;O
;one;CD;O
;Access;NN;O
;Teles;NNS;O
;RAD;NN;O
641;Arabe;NN;O
642;Langue;NN;B-LANGUE
;Maternelle;NNP;O
643;Francais;NN;O
644;Lue;NN;O
;parlée;NN;O
645;Anglais;NN;O
646;Lue;NN;O
;parlée;NN;O
647;Sport;NN;O
;Fitness;NN;O
;surf;NN;O
;natation;NN;O
648;Recherche;NN;O
;NTIC;NN;O
649;Zineb;NN;B-NAME
;Dehbi;NN;I-NAME
650;17/11/1983;CD;B-DATE
;Rabat;NN;B-LOCATION
;Maroc;NN;O
651;Adresse;NN;O
;rue;NN;O
;Tonkin;NN;O
;Rabat;NN;B-LOCATION
652;Portable;JJ;O
;662082521;CD;B-PHONE
653;Fixe;NN;O
;37;CD;
654;Email;NN;
;zinebdehbi99;NN;B-MAIL
;gmail.com;NN;I-MAIL
655;Niveau;NN;O
;études;NNS;O
;diplômes;NNS;B-FORMATION
;obtenus;NN;O
656;Licence;NN;O
;Droit;NNP;O
;Economie;NN;O
;Gestion;NN;O
;mention;NN;O
;Ingénierie;NN;O
;Des;NNP;O
;Services;NNS;O
;université;NN;O
;Angers;NNS;O
657;#NOM?;NN;O
;technicien;NN;O
;spécialisé;NN;O
;gestion;NN;O
;hôtelière;NN;O
;2éme;CD;O
;année;NN;O
;durée;NN;O
;ans;NNS;O
658;#NOM?;NN;O
;technicien;NN;O
;accueil;NN;O
;réception;NN;O
;IIMTH;NN;O
;Rabat;NN;B-LOCATION
;durée;NN;O
;ans;NNS;O
659;#NOM?;NN;O
;S.T.T;NN;O
;A.C.C;NN;O
;Science;NN;O
;technologique;NN;O
;tertiaire;NN;O
;action;NN;O
;communication;NN;O
660;commerciale;NN;O
;lycée;NN;O
;Bernard;NNP;O
;Ventadour;NNS;O
;Ussel;NN;O
;France;NNP;O
661;#NOM?;NN;O
;V.A.M;NN;O
;Brevet;NN;O
;étude;NN;O
;professionnelle;NN;O
;vente;NN;O
;action;NN;O
;marchande;NN;O
;obtenu;NN;O
;lycée;NN;O
662;Descartes;NNS;O
;Rabat;NN;B-LOCATION
663;Formations;NNS;B-FORMATION
;expériences;NNS;B-EXPERIENCE
;professionnels;NNS;I-EXPERIENCE
664;#NOM?;NN;O
;poste;NN;O
;durant;NN;O
;ans;NNS;O
;chez;NN;O
;Team;NN;O
;One;CD;O
;tant;NN;O
;commerciale;NN;O
;sédentaire;NN;O
;compte;NN;O
665;Infopro;NNP;O
666;#NOM?;NN;O
;poste;NN;O
;durant;NN;O
;ans;NNS;O
;chez;NN;O
;Web;NN;O
;Help;NN;O
;Metlife;NN;O
;Ciel;NN;O
667;#NOM?;NN;O
;poste;NN;O
;chez;NN;O
;Profil;NN;O
;performance;NN;O
;domaine;NN;O
;ressources;NNS;O
;humaines;NNS;O
668;#NOM?;NN;O
;rang;NN;O
;chez;NN;O
;T.G.I;NN;O
;Friday;NNP;O
;Rabat;NN;B-LOCATION
;domaine;NN;O
;restauration;NN;O
669;#NOM?;NN;O
;Maison;NN;O
;Arabe;NN;O
;Marrakech;NN;B-LOCATION
;service;NN;O
;réception;NN;O
;ensuite;NN;O
670;service;NN;O
;restauration;NN;O
671;#NOM?;NN;O
;Sofitel;NN;O
;Diwan;NNP;O
;Rabat;NN;B-LOCATION
;service;NN;O
;contrôles;NNS;O
;recettes;NNS;O
672;#NOM?;NN;O
;tant;NN;O
;animatrice;NN;O
;Tikida;NN;O
;Garden;NN;O
;Marrakech;NN;B-LOCATION
673;#NOM?;NN;O
;Sérail;NN;O
;Rabat;NN;O
;réservation;NN;O
;accueil;NN;O
674;Langues;NNS;B-LANGUE
;parlées;NN;O
675;#NOM?;NN;O
;Arabe;NN;O
;Parfaitement;NN;O
;bilingue;NN;O
676;#NOM?;NN;O
;Trés;NN;O
;Moyen;NNS;O
677;#NOM?;NN;O
;Moyen;NNS;O
;plus;CC;O
678;#NOM?;NN;O
;sorties;NNS;O
;voyages;NNS;O
;nature;NN;O
;mer;NN;O
;lecture;NN;O
;sport;NN;O
;billard;NN;O
679;Informatique;NN;O
;power;NN;O
;point;NN;O
;word;NN;O
;excel;NN;O
;access;NN;O
;dream;NN;O
;weaver;NN;O
680;PLUS;CC;O
681;Permis;NN;O
;conduire;NN;O
;disponibilité;NN;O
;voyager;NN;O
682;ELBOUSSAIRI;NN;B-NAME
;BADR;NN;I-NAME
683;BOUITAT;NN;I-NAME
;N12;NN;O
;100;CD;O
;C.Y.M;NN;O
;Rabat;NN;B-LOCATION
685;badr.boos7;NN;B-MAIL
;hotmail.com;NN;I-MAIL
686;Technicien;NN;O
;Spécialisé;NN;O
;Commerce;NNP;O
687;EXPERIENCES;NNS;B-EXPERIENCE
;PROFESSIONNELLES;NNS;I-EXPERIENCE
688;Juin;NN;B-DATE
;2015;CD;I-DATE
;Sept;NN;I-DATE
;2015;CD;I-DATE
689;Vendeur;NN;O
;chez;NN;O
;agence;NN;O
;voiture;NN;O
690;ACHRAF;NN;O
;NOR;CC;O
;AUTO;NN;O
;sarl;NN;O
691;Avril;NN;B-DATE
;2015;CD;I-DATE
;juin;NN;I-DATE
;2015;CD;I-DATE
692;Travail;NN;O
;chez;NN;O
;location;NN;O
;voiture;NN;O
693;PANAMERA;NN;O
;CAR;NN;O
;sarl;NN;O
694;janv;NN;B-DATE
;2015;CD;I-DATE
;mars;NNS;I-DATE
;2015;CD;I-DATE
695;Stage;NN;O
;étude;NN;O
;cher;NN;O
;société;NN;O
;commerciale;NN;O
696;KYAGEM;NNP;O
697;Sept;NN;B-DATE
;2013;CD;I-DATE
;Juin;NN;I-DATE
;2015;CD;I-DATE
698;Diplôme;NN;B-FORMATION
;Technicien;NN;O
;spécialisé;NN;O
;commerce;NN;O
699;OFPPT;NN;O
;ISTA;NN;O
;MAJD;NN;O
;Rabat;NN;B-LOCATION
700;Sept;NN;B-DATE
;2011;CD;I-DATE
;Juin;NN;I-DATE
;2012;CD;I-DATE
701;Etudiant;NN;O
;Faculté;NN;O
;Sciences;NNS;O
;juridique;NN;O
702;Université;NN;O
;Mohammed;VBN;O
;Rabat;NN;B-LOCATION
703;Sept;NN;B-DATE
;2010;CD;I-DATE
;Juin;NN;I-DATE
;2011;CD;I-DATE
704;Baccalauréat;NN;O
;Option;NN;O
;Lettres;NNS;O
705;Développement;NN;O
;portefeuille;NN;O
;clients;NNS;O
706;Achat;DT;O
;Vente;NN;O
;Négociation;NN;O
707;Marchandising;VBG;O
;Marketing;NN;O
708;Management;NN;O
710;Coordination;NN;O
;projets;NNS;O
711;CONNAISSANCES;NNS;O
;INFORMATIQUE;NN;O
;LOGICIELS;NN;O
712;WORD;NN;O
713;INFORMATIONS;NN;O
;COMPLEMENTAIRES;NN;O
714;ATTITUDES;NNS;O
;DEVELOPPEES;NN;O
715;Arabe;NN;O
716;Langue;NN;B-LANGUE
;Maternelle;NNP;O
717;Sens;NNS;O
;créativité;NN;O
;organisation;NN;O
718;Francais;NN;O
;Courant;NN;O
719;Rapidité;NN;O
;apprentissage;NN;O
720;Notion;NN;O
;base;NN;O
721;Anglais;NN;O
722;Sens;NNS;O
;responsabilité;NN;O
;travail;NN;O
723;groupe;NN;O
724;Karim;NNP;B-NAME
;ELKHALDI;NN;I-NAME
725;Rue;NN;O
;Hay;NN;O
;RACHAD;NN;O
726;TAKADDOUM;NN;O
;RABAT;NN;B-LOCATION
727;Karim.Elkhaldi;NNP;B-MAIL
;gmail.com;NN;I-MAIL
728;FORMATION;NN;B-FORMATION
;PROFESSIONNELLE;NN;I-FORMATION
729;2015;CD;B-DATE
730;Technicien;NN;O
;Spécialisé;NN;O
;Commerce;NNP;O
;Institut;NNP;O
;Spécialisé;NN;O
;Technique;NN;O
;Appliqué;NN;O
;ISTA;NN;O
;Hay;NN;O
;Nahda;NN;O
731;Rabat;NN;B-LOCATION
732;Find;IN;O
;job;NN;O
;job;NN;O
;EFE;NN;O
;Maroc;NN;O
;Rabat;NN;B-LOCATION
733;2014;CD;B-DATE
734;Formation;NN;B-FORMATION
;informatique;NN;O
;bureautique;NN;O
;ISTA;NN;O
;Hay;NN;O
;Nahda;NN;O
;Rabat;NN;B-LOCATION
735;2011;CD;B-DATE
736;Baccalauréat;NN;O
;Lettres;NNS;O
;Modernes;NNS;O
;Sciences;NNS;O
;Humaines;NNS;O
737;2010;CD;B-DATE
738;Technicien;NN;O
;Réparation;NN;O
;Engins;NNS;O
;Moteur;NN;O
;Option;NN;O
;Auto;NN;O
;ISTA;NN;O
;Hay;NN;O
;Nahda;NN;O
739;EXPERIENCES;NNS;B-EXPERIENCE
;PROFESSIONNELLES;NNS;I-EXPERIENCE
740;Décembre2014;NN;B-DATE
;janv-15;NN;I-DATE
